-- td_rent_status
INSERT INTO car_rent.td_rent_status (id, name) VALUES (1, 'В аренде');
INSERT INTO car_rent.td_rent_status (id, name) VALUES (2, 'Завершено без нарушений');
INSERT INTO car_rent.td_rent_status (id, name) VALUES (3, 'ДТП');
INSERT INTO car_rent.td_rent_status (id, name) VALUES (4, 'Кража');
INSERT INTO car_rent.td_rent_status (id, name) VALUES (5, 'Штрафстоянка');
INSERT INTO car_rent.td_rent_status (id, name) VALUES (6, 'Завершено с нарушениями');

-- td_price_period
INSERT INTO car_rent.td_price_period (id, name, seconds) VALUES (1, 'Час', 3600);
INSERT INTO car_rent.td_price_period (id, name, seconds) VALUES (2, 'День', 86400);
INSERT INTO car_rent.td_price_period (id, name, seconds) VALUES (3, 'Разово', 0);


-- t_city
INSERT INTO car_rent.t_city (id, name) VALUES (1, 'Пермь');

-- t_rent_point
INSERT INTO car_rent.t_rent_point (id, city_id, name, address) VALUES (1, 1, 'Индустриальный', 'ш. Космонавтов 193 г');
INSERT INTO car_rent.t_rent_point (id, city_id, name, address) VALUES (2, 1, 'Мотовилиха', 'ул. Уральская 103 д');
INSERT INTO car_rent.t_rent_point (id, city_id, name, address) VALUES (3, 1, 'Ленинский', 'ул. Спешилова 109 в');
INSERT INTO car_rent.t_rent_point (id, city_id, name, address) VALUES (4, 1, 'Свердловский', 'ул. Героев Хасана 52 б');
INSERT INTO car_rent.t_rent_point (id, city_id, name, address) VALUES (5, 1, 'Парковый', 'ул. Подлесная 32 б');

-- t_user
INSERT INTO car_rent.t_user (id, login) VALUES (1, 'User1');

-- t_user_points
INSERT INTO car_rent.t_user_points (rent_point_id, user_id) VALUES (1, 1);
INSERT INTO car_rent.t_user_points (rent_point_id, user_id) VALUES (2, 1);
INSERT INTO car_rent.t_user_points (rent_point_id, user_id) VALUES (3, 1);
INSERT INTO car_rent.t_user_points (rent_point_id, user_id) VALUES (4, 1);
INSERT INTO car_rent.t_user_points (rent_point_id, user_id) VALUES (5, 1);

-- t_mark
INSERT INTO car_rent.t_mark (id, name) VALUES (1, 'ВАЗ (Lada)');
INSERT INTO car_rent.t_mark (id, name) VALUES (2, 'Renault');
INSERT INTO car_rent.t_mark (id, name) VALUES (3, 'Kia');
INSERT INTO car_rent.t_mark (id, name) VALUES (4, 'Volkswagen');
INSERT INTO car_rent.t_mark (id, name) VALUES (5, 'Toyota');
INSERT INTO car_rent.t_mark (id, name) VALUES (6, 'Chrysler');

-- t_model
INSERT INTO car_rent.t_model (id, mark_id, name) VALUES (2, 1, 'Гранта');
INSERT INTO car_rent.t_model (id, mark_id, name) VALUES (3, 1, 'Калина');
INSERT INTO car_rent.t_model (id, mark_id, name) VALUES (4, 1, 'Приора');
INSERT INTO car_rent.t_model (id, mark_id, name) VALUES (5, 2, 'Logan');
INSERT INTO car_rent.t_model (id, mark_id, name) VALUES (6, 2, 'Sandero');
INSERT INTO car_rent.t_model (id, mark_id, name) VALUES (7, 3, 'Ria');
INSERT INTO car_rent.t_model (id, mark_id, name) VALUES (8, 3, 'Spectra');
INSERT INTO car_rent.t_model (id, mark_id, name) VALUES (9, 4, 'Polo');
INSERT INTO car_rent.t_model (id, mark_id, name) VALUES (10, 5, 'Corolla');
INSERT INTO car_rent.t_model (id, mark_id, name) VALUES (11, 5, 'Camry');
INSERT INTO car_rent.t_model (id, mark_id, name) VALUES (12, 5, 'RAV4');
INSERT INTO car_rent.t_model (id, mark_id, name) VALUES (13, 4, 'Tiguan');
INSERT INTO car_rent.t_model (id, mark_id, name) VALUES (15, 6, '300C');

-- t_tariff_plan
INSERT INTO car_rent.t_tariff_plan (id, name, date_begin, date_end) VALUES (1, 'Эконом (почасовой)', '2017-11-01 00:00:00', '2017-12-31 23:59:59');
INSERT INTO car_rent.t_tariff_plan (id, name, date_begin, date_end) VALUES (2, 'Комфорт (день)', '2017-12-01 00:00:00', '2017-12-31 23:59:59');
INSERT INTO car_rent.t_tariff_plan (id, name, date_begin, date_end) VALUES (3, 'Свадьба (с водителем)', '2017-12-01 00:00:00', '2017-12-31 23:59:59');
INSERT INTO car_rent.t_tariff_plan (id, name, date_begin, date_end) VALUES (4, 'Эконом (день)', '2017-12-01 00:00:00', '2017-12-31 23:59:59');

-- t_price
INSERT INTO car_rent.t_price (id, tariff_plan_id, period_id, amount, name) VALUES (1, 1, 1, 20000, '');
INSERT INTO car_rent.t_price (id, tariff_plan_id, period_id, amount, name) VALUES (2, 2, 2, 200000, '');
INSERT INTO car_rent.t_price (id, tariff_plan_id, period_id, amount, name) VALUES (3, 3, 3, 300000, 'Водитель');
INSERT INTO car_rent.t_price (id, tariff_plan_id, period_id, amount, name) VALUES (4, 3, 2, 350000, 'Аренда машины');
INSERT INTO car_rent.t_price (id, tariff_plan_id, period_id, amount, name) VALUES (5, 4, 2, 150000, '');

-- t_model_tariff_plan
INSERT INTO car_rent.t_model_tariff_plan (model_id, tariff_plan_id) VALUES (2, 1);
INSERT INTO car_rent.t_model_tariff_plan (model_id, tariff_plan_id) VALUES (2, 4);
INSERT INTO car_rent.t_model_tariff_plan (model_id, tariff_plan_id) VALUES (3, 1);
INSERT INTO car_rent.t_model_tariff_plan (model_id, tariff_plan_id) VALUES (3, 4);
INSERT INTO car_rent.t_model_tariff_plan (model_id, tariff_plan_id) VALUES (4, 1);
INSERT INTO car_rent.t_model_tariff_plan (model_id, tariff_plan_id) VALUES (4, 4);
INSERT INTO car_rent.t_model_tariff_plan (model_id, tariff_plan_id) VALUES (5, 2);
INSERT INTO car_rent.t_model_tariff_plan (model_id, tariff_plan_id) VALUES (6, 2);
INSERT INTO car_rent.t_model_tariff_plan (model_id, tariff_plan_id) VALUES (7, 2);
INSERT INTO car_rent.t_model_tariff_plan (model_id, tariff_plan_id) VALUES (8, 2);
INSERT INTO car_rent.t_model_tariff_plan (model_id, tariff_plan_id) VALUES (9, 2);
INSERT INTO car_rent.t_model_tariff_plan (model_id, tariff_plan_id) VALUES (10, 2);
INSERT INTO car_rent.t_model_tariff_plan (model_id, tariff_plan_id) VALUES (11, 2);
INSERT INTO car_rent.t_model_tariff_plan (model_id, tariff_plan_id) VALUES (12, 2);
INSERT INTO car_rent.t_model_tariff_plan (model_id, tariff_plan_id) VALUES (13, 2);
INSERT INTO car_rent.t_model_tariff_plan (model_id, tariff_plan_id) VALUES (15, 3);

-- t_client
INSERT INTO car_rent.t_client (id, last_name, first_name, middle_name, driving_license_number, driving_license_seria) VALUES (1, 'Иванов', 'Иван', 'Иваныч', 111111, 1111);
INSERT INTO car_rent.t_client (id, last_name, first_name, middle_name, driving_license_number, driving_license_seria) VALUES (2, 'Петров', 'Петр', 'Петрович', 222222, 2222);
INSERT INTO car_rent.t_client (id, last_name, first_name, middle_name, driving_license_number, driving_license_seria) VALUES (3, 'Сидоров', 'Сидор', 'Сидорович', 333333, 3333);


-- t_car
INSERT INTO car_rent.t_car (id, model_id, car_number) VALUES (2, 2, 'A111BC59');
INSERT INTO car_rent.t_car (id, model_id, car_number) VALUES (3, 2, 'A112BC59');
INSERT INTO car_rent.t_car (id, model_id, car_number) VALUES (4, 2, 'A113BC59');
INSERT INTO car_rent.t_car (id, model_id, car_number) VALUES (5, 2, 'A114BC59');
INSERT INTO car_rent.t_car (id, model_id, car_number) VALUES (6, 5, 'A115BC59');
INSERT INTO car_rent.t_car (id, model_id, car_number) VALUES (7, 5, 'A116BC59');
INSERT INTO car_rent.t_car (id, model_id, car_number) VALUES (8, 5, 'A117BC59');
INSERT INTO car_rent.t_car (id, model_id, car_number) VALUES (9, 5, 'A118BC59');
INSERT INTO car_rent.t_car (id, model_id, car_number) VALUES (10, 10, 'A119BC59');
INSERT INTO car_rent.t_car (id, model_id, car_number) VALUES (11, 10, 'A120BC59');
INSERT INTO car_rent.t_car (id, model_id, car_number) VALUES (12, 10, 'A121BC59');
INSERT INTO car_rent.t_car (id, model_id, car_number) VALUES (13, 10, 'A122BC59');
INSERT INTO car_rent.t_car (id, model_id, car_number) VALUES (14, 3, 'B201CE59');
INSERT INTO car_rent.t_car (id, model_id, car_number) VALUES (15, 3, 'B202CE59');
INSERT INTO car_rent.t_car (id, model_id, car_number) VALUES (16, 3, 'B203CE59');
INSERT INTO car_rent.t_car (id, model_id, car_number) VALUES (17, 4, 'B204CE59');
INSERT INTO car_rent.t_car (id, model_id, car_number) VALUES (18, 4, 'B205CE59');
INSERT INTO car_rent.t_car (id, model_id, car_number) VALUES (19, 4, 'B206CE59');
INSERT INTO car_rent.t_car (id, model_id, car_number) VALUES (20, 6, 'C301EH59');
INSERT INTO car_rent.t_car (id, model_id, car_number) VALUES (21, 6, 'C302EH59');
INSERT INTO car_rent.t_car (id, model_id, car_number) VALUES (22, 6, 'C303EH59');
INSERT INTO car_rent.t_car (id, model_id, car_number) VALUES (23, 7, 'C304EH59');
INSERT INTO car_rent.t_car (id, model_id, car_number) VALUES (24, 7, 'C305EH59');
INSERT INTO car_rent.t_car (id, model_id, car_number) VALUES (25, 7, 'C306EH59');
INSERT INTO car_rent.t_car (id, model_id, car_number) VALUES (26, 8, 'E401HK59');
INSERT INTO car_rent.t_car (id, model_id, car_number) VALUES (27, 8, 'E402HK59');
INSERT INTO car_rent.t_car (id, model_id, car_number) VALUES (28, 8, 'E403HK59');
INSERT INTO car_rent.t_car (id, model_id, car_number) VALUES (29, 9, 'E404HK59');
INSERT INTO car_rent.t_car (id, model_id, car_number) VALUES (30, 9, 'E405HK59');
INSERT INTO car_rent.t_car (id, model_id, car_number) VALUES (31, 9, 'E406HK59');
INSERT INTO car_rent.t_car (id, model_id, car_number) VALUES (32, 11, 'H501KM59');
INSERT INTO car_rent.t_car (id, model_id, car_number) VALUES (33, 11, 'H502KM59');
INSERT INTO car_rent.t_car (id, model_id, car_number) VALUES (34, 11, 'H503KM59');
INSERT INTO car_rent.t_car (id, model_id, car_number) VALUES (35, 12, 'H504KM59');
INSERT INTO car_rent.t_car (id, model_id, car_number) VALUES (36, 12, 'H505KM59');
INSERT INTO car_rent.t_car (id, model_id, car_number) VALUES (37, 12, 'H506KM59');
INSERT INTO car_rent.t_car (id, model_id, car_number) VALUES (38, 2, 'H601KO59');
INSERT INTO car_rent.t_car (id, model_id, car_number) VALUES (39, 2, 'H602KO59');
INSERT INTO car_rent.t_car (id, model_id, car_number) VALUES (40, 2, 'H603KO59');
INSERT INTO car_rent.t_car (id, model_id, car_number) VALUES (41, 2, 'H604KO59');
INSERT INTO car_rent.t_car (id, model_id, car_number) VALUES (42, 2, 'H605KO59');
INSERT INTO car_rent.t_car (id, model_id, car_number) VALUES (43, 3, 'H606KO59');
INSERT INTO car_rent.t_car (id, model_id, car_number) VALUES (44, 3, 'H607KO59');
INSERT INTO car_rent.t_car (id, model_id, car_number) VALUES (45, 3, 'H608KO59');
INSERT INTO car_rent.t_car (id, model_id, car_number) VALUES (46, 3, 'H609KO59');
INSERT INTO car_rent.t_car (id, model_id, car_number) VALUES (47, 3, 'H610KO59');
INSERT INTO car_rent.t_car (id, model_id, car_number) VALUES (48, 4, 'H611KO59');
INSERT INTO car_rent.t_car (id, model_id, car_number) VALUES (49, 4, 'H612KO59');
INSERT INTO car_rent.t_car (id, model_id, car_number) VALUES (50, 4, 'H613KO59');
INSERT INTO car_rent.t_car (id, model_id, car_number) VALUES (51, 4, 'H614KO59');
INSERT INTO car_rent.t_car (id, model_id, car_number) VALUES (52, 4, 'H615KO59');
INSERT INTO car_rent.t_car (id, model_id, car_number) VALUES (53, 5, 'H616KO59');
INSERT INTO car_rent.t_car (id, model_id, car_number) VALUES (54, 5, 'H617KO59');
INSERT INTO car_rent.t_car (id, model_id, car_number) VALUES (55, 5, 'H618KO59');
INSERT INTO car_rent.t_car (id, model_id, car_number) VALUES (56, 5, 'H619KO59');
INSERT INTO car_rent.t_car (id, model_id, car_number) VALUES (57, 5, 'H620KO59');
INSERT INTO car_rent.t_car (id, model_id, car_number) VALUES (58, 6, 'H621KO59');
INSERT INTO car_rent.t_car (id, model_id, car_number) VALUES (59, 6, 'H622KO59');
INSERT INTO car_rent.t_car (id, model_id, car_number) VALUES (60, 6, 'H623KO59');
INSERT INTO car_rent.t_car (id, model_id, car_number) VALUES (61, 6, 'H624KO59');
INSERT INTO car_rent.t_car (id, model_id, car_number) VALUES (62, 6, 'H625KO59');
INSERT INTO car_rent.t_car (id, model_id, car_number) VALUES (63, 7, 'H626KO59');
INSERT INTO car_rent.t_car (id, model_id, car_number) VALUES (64, 7, 'H627KO59');
INSERT INTO car_rent.t_car (id, model_id, car_number) VALUES (65, 7, 'H628KO59');
INSERT INTO car_rent.t_car (id, model_id, car_number) VALUES (66, 7, 'H629KO59');
INSERT INTO car_rent.t_car (id, model_id, car_number) VALUES (67, 7, 'H630KO59');
INSERT INTO car_rent.t_car (id, model_id, car_number) VALUES (68, 8, 'H631KO59');
INSERT INTO car_rent.t_car (id, model_id, car_number) VALUES (69, 8, 'H632KO59');
INSERT INTO car_rent.t_car (id, model_id, car_number) VALUES (70, 8, 'H633KO59');
INSERT INTO car_rent.t_car (id, model_id, car_number) VALUES (71, 8, 'H634KO59');
INSERT INTO car_rent.t_car (id, model_id, car_number) VALUES (72, 8, 'H635KO59');
INSERT INTO car_rent.t_car (id, model_id, car_number) VALUES (73, 9, 'H636KO59');
INSERT INTO car_rent.t_car (id, model_id, car_number) VALUES (74, 9, 'H637KO59');
INSERT INTO car_rent.t_car (id, model_id, car_number) VALUES (75, 9, 'H638KO59');
INSERT INTO car_rent.t_car (id, model_id, car_number) VALUES (76, 9, 'H639KO59');
INSERT INTO car_rent.t_car (id, model_id, car_number) VALUES (77, 9, 'H640KO59');
INSERT INTO car_rent.t_car (id, model_id, car_number) VALUES (78, 10, 'H641KO59');
INSERT INTO car_rent.t_car (id, model_id, car_number) VALUES (79, 10, 'H642KO59');
INSERT INTO car_rent.t_car (id, model_id, car_number) VALUES (80, 10, 'H643KO59');
INSERT INTO car_rent.t_car (id, model_id, car_number) VALUES (81, 10, 'H644KO59');
INSERT INTO car_rent.t_car (id, model_id, car_number) VALUES (82, 10, 'H645KO59');
INSERT INTO car_rent.t_car (id, model_id, car_number) VALUES (83, 11, 'H646KO59');
INSERT INTO car_rent.t_car (id, model_id, car_number) VALUES (84, 11, 'H647KO59');
INSERT INTO car_rent.t_car (id, model_id, car_number) VALUES (85, 11, 'H648KO59');
INSERT INTO car_rent.t_car (id, model_id, car_number) VALUES (86, 11, 'H649KO59');
INSERT INTO car_rent.t_car (id, model_id, car_number) VALUES (87, 11, 'H650KO59');
INSERT INTO car_rent.t_car (id, model_id, car_number) VALUES (88, 12, 'H651KO59');
INSERT INTO car_rent.t_car (id, model_id, car_number) VALUES (89, 12, 'H652KO59');
INSERT INTO car_rent.t_car (id, model_id, car_number) VALUES (90, 12, 'H653KO59');
INSERT INTO car_rent.t_car (id, model_id, car_number) VALUES (91, 12, 'H654KO59');
INSERT INTO car_rent.t_car (id, model_id, car_number) VALUES (92, 12, 'H655KO59');
INSERT INTO car_rent.t_car (id, model_id, car_number) VALUES (93, 13, 'H656KO59');
INSERT INTO car_rent.t_car (id, model_id, car_number) VALUES (94, 13, 'H657KO59');
INSERT INTO car_rent.t_car (id, model_id, car_number) VALUES (95, 13, 'H658KO59');
INSERT INTO car_rent.t_car (id, model_id, car_number) VALUES (96, 13, 'H659KO59');
INSERT INTO car_rent.t_car (id, model_id, car_number) VALUES (97, 13, 'H660KO59');
INSERT INTO car_rent.t_car (id, model_id, car_number) VALUES (98, 15, 'H661KO59');
INSERT INTO car_rent.t_car (id, model_id, car_number) VALUES (99, 15, 'H662KO59');
INSERT INTO car_rent.t_car (id, model_id, car_number) VALUES (100, 15, 'H663KO59');
INSERT INTO car_rent.t_car (id, model_id, car_number) VALUES (101, 15, 'H664KO59');
INSERT INTO car_rent.t_car (id, model_id, car_number) VALUES (102, 15, 'H665KO59');
INSERT INTO car_rent.t_car (id, model_id, car_number) VALUES (165, 2, 'H666KO59');
INSERT INTO car_rent.t_car (id, model_id, car_number) VALUES (166, 2, 'H667KO59');
INSERT INTO car_rent.t_car (id, model_id, car_number) VALUES (167, 2, 'H668KO59');
INSERT INTO car_rent.t_car (id, model_id, car_number) VALUES (168, 2, 'H669KO59');
INSERT INTO car_rent.t_car (id, model_id, car_number) VALUES (169, 2, 'H670KO59');
INSERT INTO car_rent.t_car (id, model_id, car_number) VALUES (170, 3, 'H671KO59');
INSERT INTO car_rent.t_car (id, model_id, car_number) VALUES (171, 3, 'H672KO59');
INSERT INTO car_rent.t_car (id, model_id, car_number) VALUES (172, 3, 'H673KO59');
INSERT INTO car_rent.t_car (id, model_id, car_number) VALUES (173, 3, 'H674KO59');
INSERT INTO car_rent.t_car (id, model_id, car_number) VALUES (174, 3, 'H675KO59');
INSERT INTO car_rent.t_car (id, model_id, car_number) VALUES (175, 4, 'H676KO59');
INSERT INTO car_rent.t_car (id, model_id, car_number) VALUES (176, 4, 'H677KO59');
INSERT INTO car_rent.t_car (id, model_id, car_number) VALUES (177, 4, 'H678KO59');
INSERT INTO car_rent.t_car (id, model_id, car_number) VALUES (178, 4, 'H679KO59');
INSERT INTO car_rent.t_car (id, model_id, car_number) VALUES (179, 4, 'H680KO59');
INSERT INTO car_rent.t_car (id, model_id, car_number) VALUES (180, 5, 'H681KO59');
INSERT INTO car_rent.t_car (id, model_id, car_number) VALUES (181, 5, 'H682KO59');
INSERT INTO car_rent.t_car (id, model_id, car_number) VALUES (182, 5, 'H683KO59');
INSERT INTO car_rent.t_car (id, model_id, car_number) VALUES (183, 5, 'H684KO59');
INSERT INTO car_rent.t_car (id, model_id, car_number) VALUES (184, 5, 'H685KO59');
INSERT INTO car_rent.t_car (id, model_id, car_number) VALUES (185, 6, 'H686KO59');
INSERT INTO car_rent.t_car (id, model_id, car_number) VALUES (186, 6, 'H687KO59');
INSERT INTO car_rent.t_car (id, model_id, car_number) VALUES (187, 6, 'H688KO59');
INSERT INTO car_rent.t_car (id, model_id, car_number) VALUES (188, 6, 'H689KO59');
INSERT INTO car_rent.t_car (id, model_id, car_number) VALUES (189, 6, 'H690KO59');
INSERT INTO car_rent.t_car (id, model_id, car_number) VALUES (190, 7, 'H691KO59');
INSERT INTO car_rent.t_car (id, model_id, car_number) VALUES (191, 7, 'H692KO59');
INSERT INTO car_rent.t_car (id, model_id, car_number) VALUES (192, 7, 'H693KO59');
INSERT INTO car_rent.t_car (id, model_id, car_number) VALUES (193, 7, 'H694KO59');
INSERT INTO car_rent.t_car (id, model_id, car_number) VALUES (194, 7, 'H695KO59');
INSERT INTO car_rent.t_car (id, model_id, car_number) VALUES (195, 8, 'H696KO59');
INSERT INTO car_rent.t_car (id, model_id, car_number) VALUES (196, 8, 'H697KO59');
INSERT INTO car_rent.t_car (id, model_id, car_number) VALUES (197, 8, 'H698KO59');
INSERT INTO car_rent.t_car (id, model_id, car_number) VALUES (198, 8, 'H699KO59');
INSERT INTO car_rent.t_car (id, model_id, car_number) VALUES (199, 8, 'H700KO59');
INSERT INTO car_rent.t_car (id, model_id, car_number) VALUES (200, 9, 'H701KO59');
INSERT INTO car_rent.t_car (id, model_id, car_number) VALUES (201, 9, 'H702KO59');
INSERT INTO car_rent.t_car (id, model_id, car_number) VALUES (202, 9, 'H703KO59');
INSERT INTO car_rent.t_car (id, model_id, car_number) VALUES (203, 9, 'H704KO59');
INSERT INTO car_rent.t_car (id, model_id, car_number) VALUES (204, 9, 'H705KO59');
INSERT INTO car_rent.t_car (id, model_id, car_number) VALUES (205, 10, 'H706KO59');
INSERT INTO car_rent.t_car (id, model_id, car_number) VALUES (206, 10, 'H707KO59');
INSERT INTO car_rent.t_car (id, model_id, car_number) VALUES (207, 10, 'H708KO59');
INSERT INTO car_rent.t_car (id, model_id, car_number) VALUES (208, 10, 'H709KO59');
INSERT INTO car_rent.t_car (id, model_id, car_number) VALUES (209, 10, 'H710KO59');
INSERT INTO car_rent.t_car (id, model_id, car_number) VALUES (210, 11, 'H711KO59');
INSERT INTO car_rent.t_car (id, model_id, car_number) VALUES (211, 11, 'H712KO59');
INSERT INTO car_rent.t_car (id, model_id, car_number) VALUES (212, 11, 'H713KO59');
INSERT INTO car_rent.t_car (id, model_id, car_number) VALUES (213, 11, 'H714KO59');
INSERT INTO car_rent.t_car (id, model_id, car_number) VALUES (214, 11, 'H715KO59');
INSERT INTO car_rent.t_car (id, model_id, car_number) VALUES (215, 12, 'H716KO59');
INSERT INTO car_rent.t_car (id, model_id, car_number) VALUES (216, 12, 'H717KO59');
INSERT INTO car_rent.t_car (id, model_id, car_number) VALUES (217, 12, 'H718KO59');
INSERT INTO car_rent.t_car (id, model_id, car_number) VALUES (218, 12, 'H719KO59');
INSERT INTO car_rent.t_car (id, model_id, car_number) VALUES (219, 12, 'H720KO59');
INSERT INTO car_rent.t_car (id, model_id, car_number) VALUES (220, 13, 'H721KO59');
INSERT INTO car_rent.t_car (id, model_id, car_number) VALUES (221, 13, 'H722KO59');
INSERT INTO car_rent.t_car (id, model_id, car_number) VALUES (222, 13, 'H723KO59');
INSERT INTO car_rent.t_car (id, model_id, car_number) VALUES (223, 13, 'H724KO59');
INSERT INTO car_rent.t_car (id, model_id, car_number) VALUES (224, 13, 'H725KO59');
INSERT INTO car_rent.t_car (id, model_id, car_number) VALUES (225, 15, 'H726KO59');
INSERT INTO car_rent.t_car (id, model_id, car_number) VALUES (226, 15, 'H727KO59');
INSERT INTO car_rent.t_car (id, model_id, car_number) VALUES (227, 15, 'H728KO59');
INSERT INTO car_rent.t_car (id, model_id, car_number) VALUES (228, 15, 'H729KO59');
INSERT INTO car_rent.t_car (id, model_id, car_number) VALUES (229, 15, 'H730KO59');

-- t_car_rent_point
INSERT INTO car_rent.t_car_rent_point (rent_point_id, car_id) VALUES (1, 2);
INSERT INTO car_rent.t_car_rent_point (rent_point_id, car_id) VALUES (1, 3);
INSERT INTO car_rent.t_car_rent_point (rent_point_id, car_id) VALUES (1, 4);
INSERT INTO car_rent.t_car_rent_point (rent_point_id, car_id) VALUES (1, 5);
INSERT INTO car_rent.t_car_rent_point (rent_point_id, car_id) VALUES (1, 6);
INSERT INTO car_rent.t_car_rent_point (rent_point_id, car_id) VALUES (1, 7);
INSERT INTO car_rent.t_car_rent_point (rent_point_id, car_id) VALUES (1, 8);
INSERT INTO car_rent.t_car_rent_point (rent_point_id, car_id) VALUES (1, 9);
INSERT INTO car_rent.t_car_rent_point (rent_point_id, car_id) VALUES (1, 10);
INSERT INTO car_rent.t_car_rent_point (rent_point_id, car_id) VALUES (1, 11);
INSERT INTO car_rent.t_car_rent_point (rent_point_id, car_id) VALUES (1, 12);
INSERT INTO car_rent.t_car_rent_point (rent_point_id, car_id) VALUES (1, 13);
INSERT INTO car_rent.t_car_rent_point (rent_point_id, car_id) VALUES (1, 38);
INSERT INTO car_rent.t_car_rent_point (rent_point_id, car_id) VALUES (1, 44);
INSERT INTO car_rent.t_car_rent_point (rent_point_id, car_id) VALUES (1, 58);
INSERT INTO car_rent.t_car_rent_point (rent_point_id, car_id) VALUES (1, 60);
INSERT INTO car_rent.t_car_rent_point (rent_point_id, car_id) VALUES (1, 63);
INSERT INTO car_rent.t_car_rent_point (rent_point_id, car_id) VALUES (1, 64);
INSERT INTO car_rent.t_car_rent_point (rent_point_id, car_id) VALUES (1, 73);
INSERT INTO car_rent.t_car_rent_point (rent_point_id, car_id) VALUES (1, 79);
INSERT INTO car_rent.t_car_rent_point (rent_point_id, car_id) VALUES (1, 81);
INSERT INTO car_rent.t_car_rent_point (rent_point_id, car_id) VALUES (1, 165);
INSERT INTO car_rent.t_car_rent_point (rent_point_id, car_id) VALUES (1, 174);
INSERT INTO car_rent.t_car_rent_point (rent_point_id, car_id) VALUES (1, 175);
INSERT INTO car_rent.t_car_rent_point (rent_point_id, car_id) VALUES (1, 176);
INSERT INTO car_rent.t_car_rent_point (rent_point_id, car_id) VALUES (1, 183);
INSERT INTO car_rent.t_car_rent_point (rent_point_id, car_id) VALUES (1, 184);
INSERT INTO car_rent.t_car_rent_point (rent_point_id, car_id) VALUES (1, 195);
INSERT INTO car_rent.t_car_rent_point (rent_point_id, car_id) VALUES (1, 196);
INSERT INTO car_rent.t_car_rent_point (rent_point_id, car_id) VALUES (1, 200);
INSERT INTO car_rent.t_car_rent_point (rent_point_id, car_id) VALUES (1, 213);
INSERT INTO car_rent.t_car_rent_point (rent_point_id, car_id) VALUES (1, 214);
INSERT INTO car_rent.t_car_rent_point (rent_point_id, car_id) VALUES (1, 218);
INSERT INTO car_rent.t_car_rent_point (rent_point_id, car_id) VALUES (1, 219);
INSERT INTO car_rent.t_car_rent_point (rent_point_id, car_id) VALUES (1, 221);
INSERT INTO car_rent.t_car_rent_point (rent_point_id, car_id) VALUES (1, 222);
INSERT INTO car_rent.t_car_rent_point (rent_point_id, car_id) VALUES (1, 225);
INSERT INTO car_rent.t_car_rent_point (rent_point_id, car_id) VALUES (1, 227);
INSERT INTO car_rent.t_car_rent_point (rent_point_id, car_id) VALUES (2, 14);
INSERT INTO car_rent.t_car_rent_point (rent_point_id, car_id) VALUES (2, 15);
INSERT INTO car_rent.t_car_rent_point (rent_point_id, car_id) VALUES (2, 16);
INSERT INTO car_rent.t_car_rent_point (rent_point_id, car_id) VALUES (2, 17);
INSERT INTO car_rent.t_car_rent_point (rent_point_id, car_id) VALUES (2, 18);
INSERT INTO car_rent.t_car_rent_point (rent_point_id, car_id) VALUES (2, 19);
INSERT INTO car_rent.t_car_rent_point (rent_point_id, car_id) VALUES (2, 39);
INSERT INTO car_rent.t_car_rent_point (rent_point_id, car_id) VALUES (2, 43);
INSERT INTO car_rent.t_car_rent_point (rent_point_id, car_id) VALUES (2, 48);
INSERT INTO car_rent.t_car_rent_point (rent_point_id, car_id) VALUES (2, 61);
INSERT INTO car_rent.t_car_rent_point (rent_point_id, car_id) VALUES (2, 62);
INSERT INTO car_rent.t_car_rent_point (rent_point_id, car_id) VALUES (2, 66);
INSERT INTO car_rent.t_car_rent_point (rent_point_id, car_id) VALUES (2, 67);
INSERT INTO car_rent.t_car_rent_point (rent_point_id, car_id) VALUES (2, 68);
INSERT INTO car_rent.t_car_rent_point (rent_point_id, car_id) VALUES (2, 69);
INSERT INTO car_rent.t_car_rent_point (rent_point_id, car_id) VALUES (2, 76);
INSERT INTO car_rent.t_car_rent_point (rent_point_id, car_id) VALUES (2, 77);
INSERT INTO car_rent.t_car_rent_point (rent_point_id, car_id) VALUES (2, 82);
INSERT INTO car_rent.t_car_rent_point (rent_point_id, car_id) VALUES (2, 97);
INSERT INTO car_rent.t_car_rent_point (rent_point_id, car_id) VALUES (2, 166);
INSERT INTO car_rent.t_car_rent_point (rent_point_id, car_id) VALUES (2, 173);
INSERT INTO car_rent.t_car_rent_point (rent_point_id, car_id) VALUES (2, 177);
INSERT INTO car_rent.t_car_rent_point (rent_point_id, car_id) VALUES (2, 180);
INSERT INTO car_rent.t_car_rent_point (rent_point_id, car_id) VALUES (2, 181);
INSERT INTO car_rent.t_car_rent_point (rent_point_id, car_id) VALUES (2, 207);
INSERT INTO car_rent.t_car_rent_point (rent_point_id, car_id) VALUES (2, 210);
INSERT INTO car_rent.t_car_rent_point (rent_point_id, car_id) VALUES (2, 212);
INSERT INTO car_rent.t_car_rent_point (rent_point_id, car_id) VALUES (2, 216);
INSERT INTO car_rent.t_car_rent_point (rent_point_id, car_id) VALUES (2, 217);
INSERT INTO car_rent.t_car_rent_point (rent_point_id, car_id) VALUES (2, 220);
INSERT INTO car_rent.t_car_rent_point (rent_point_id, car_id) VALUES (2, 226);
INSERT INTO car_rent.t_car_rent_point (rent_point_id, car_id) VALUES (2, 228);
INSERT INTO car_rent.t_car_rent_point (rent_point_id, car_id) VALUES (3, 20);
INSERT INTO car_rent.t_car_rent_point (rent_point_id, car_id) VALUES (3, 21);
INSERT INTO car_rent.t_car_rent_point (rent_point_id, car_id) VALUES (3, 22);
INSERT INTO car_rent.t_car_rent_point (rent_point_id, car_id) VALUES (3, 23);
INSERT INTO car_rent.t_car_rent_point (rent_point_id, car_id) VALUES (3, 24);
INSERT INTO car_rent.t_car_rent_point (rent_point_id, car_id) VALUES (3, 25);
INSERT INTO car_rent.t_car_rent_point (rent_point_id, car_id) VALUES (3, 40);
INSERT INTO car_rent.t_car_rent_point (rent_point_id, car_id) VALUES (3, 49);
INSERT INTO car_rent.t_car_rent_point (rent_point_id, car_id) VALUES (3, 51);
INSERT INTO car_rent.t_car_rent_point (rent_point_id, car_id) VALUES (3, 56);
INSERT INTO car_rent.t_car_rent_point (rent_point_id, car_id) VALUES (3, 70);
INSERT INTO car_rent.t_car_rent_point (rent_point_id, car_id) VALUES (3, 71);
INSERT INTO car_rent.t_car_rent_point (rent_point_id, car_id) VALUES (3, 74);
INSERT INTO car_rent.t_car_rent_point (rent_point_id, car_id) VALUES (3, 75);
INSERT INTO car_rent.t_car_rent_point (rent_point_id, car_id) VALUES (3, 80);
INSERT INTO car_rent.t_car_rent_point (rent_point_id, car_id) VALUES (3, 84);
INSERT INTO car_rent.t_car_rent_point (rent_point_id, car_id) VALUES (3, 88);
INSERT INTO car_rent.t_car_rent_point (rent_point_id, car_id) VALUES (3, 95);
INSERT INTO car_rent.t_car_rent_point (rent_point_id, car_id) VALUES (3, 96);
INSERT INTO car_rent.t_car_rent_point (rent_point_id, car_id) VALUES (3, 100);
INSERT INTO car_rent.t_car_rent_point (rent_point_id, car_id) VALUES (3, 102);
INSERT INTO car_rent.t_car_rent_point (rent_point_id, car_id) VALUES (3, 167);
INSERT INTO car_rent.t_car_rent_point (rent_point_id, car_id) VALUES (3, 171);
INSERT INTO car_rent.t_car_rent_point (rent_point_id, car_id) VALUES (3, 172);
INSERT INTO car_rent.t_car_rent_point (rent_point_id, car_id) VALUES (3, 182);
INSERT INTO car_rent.t_car_rent_point (rent_point_id, car_id) VALUES (3, 185);
INSERT INTO car_rent.t_car_rent_point (rent_point_id, car_id) VALUES (3, 186);
INSERT INTO car_rent.t_car_rent_point (rent_point_id, car_id) VALUES (3, 193);
INSERT INTO car_rent.t_car_rent_point (rent_point_id, car_id) VALUES (3, 194);
INSERT INTO car_rent.t_car_rent_point (rent_point_id, car_id) VALUES (3, 205);
INSERT INTO car_rent.t_car_rent_point (rent_point_id, car_id) VALUES (3, 211);
INSERT INTO car_rent.t_car_rent_point (rent_point_id, car_id) VALUES (3, 215);
INSERT INTO car_rent.t_car_rent_point (rent_point_id, car_id) VALUES (4, 26);
INSERT INTO car_rent.t_car_rent_point (rent_point_id, car_id) VALUES (4, 27);
INSERT INTO car_rent.t_car_rent_point (rent_point_id, car_id) VALUES (4, 28);
INSERT INTO car_rent.t_car_rent_point (rent_point_id, car_id) VALUES (4, 29);
INSERT INTO car_rent.t_car_rent_point (rent_point_id, car_id) VALUES (4, 30);
INSERT INTO car_rent.t_car_rent_point (rent_point_id, car_id) VALUES (4, 31);
INSERT INTO car_rent.t_car_rent_point (rent_point_id, car_id) VALUES (4, 41);
INSERT INTO car_rent.t_car_rent_point (rent_point_id, car_id) VALUES (4, 47);
INSERT INTO car_rent.t_car_rent_point (rent_point_id, car_id) VALUES (4, 50);
INSERT INTO car_rent.t_car_rent_point (rent_point_id, car_id) VALUES (4, 55);
INSERT INTO car_rent.t_car_rent_point (rent_point_id, car_id) VALUES (4, 57);
INSERT INTO car_rent.t_car_rent_point (rent_point_id, car_id) VALUES (4, 72);
INSERT INTO car_rent.t_car_rent_point (rent_point_id, car_id) VALUES (4, 83);
INSERT INTO car_rent.t_car_rent_point (rent_point_id, car_id) VALUES (4, 85);
INSERT INTO car_rent.t_car_rent_point (rent_point_id, car_id) VALUES (4, 89);
INSERT INTO car_rent.t_car_rent_point (rent_point_id, car_id) VALUES (4, 90);
INSERT INTO car_rent.t_car_rent_point (rent_point_id, car_id) VALUES (4, 94);
INSERT INTO car_rent.t_car_rent_point (rent_point_id, car_id) VALUES (4, 98);
INSERT INTO car_rent.t_car_rent_point (rent_point_id, car_id) VALUES (4, 101);
INSERT INTO car_rent.t_car_rent_point (rent_point_id, car_id) VALUES (4, 168);
INSERT INTO car_rent.t_car_rent_point (rent_point_id, car_id) VALUES (4, 170);
INSERT INTO car_rent.t_car_rent_point (rent_point_id, car_id) VALUES (4, 178);
INSERT INTO car_rent.t_car_rent_point (rent_point_id, car_id) VALUES (4, 187);
INSERT INTO car_rent.t_car_rent_point (rent_point_id, car_id) VALUES (4, 188);
INSERT INTO car_rent.t_car_rent_point (rent_point_id, car_id) VALUES (4, 191);
INSERT INTO car_rent.t_car_rent_point (rent_point_id, car_id) VALUES (4, 192);
INSERT INTO car_rent.t_car_rent_point (rent_point_id, car_id) VALUES (4, 197);
INSERT INTO car_rent.t_car_rent_point (rent_point_id, car_id) VALUES (4, 201);
INSERT INTO car_rent.t_car_rent_point (rent_point_id, car_id) VALUES (4, 203);
INSERT INTO car_rent.t_car_rent_point (rent_point_id, car_id) VALUES (4, 206);
INSERT INTO car_rent.t_car_rent_point (rent_point_id, car_id) VALUES (4, 209);
INSERT INTO car_rent.t_car_rent_point (rent_point_id, car_id) VALUES (4, 224);
INSERT INTO car_rent.t_car_rent_point (rent_point_id, car_id) VALUES (5, 32);
INSERT INTO car_rent.t_car_rent_point (rent_point_id, car_id) VALUES (5, 33);
INSERT INTO car_rent.t_car_rent_point (rent_point_id, car_id) VALUES (5, 34);
INSERT INTO car_rent.t_car_rent_point (rent_point_id, car_id) VALUES (5, 35);
INSERT INTO car_rent.t_car_rent_point (rent_point_id, car_id) VALUES (5, 36);
INSERT INTO car_rent.t_car_rent_point (rent_point_id, car_id) VALUES (5, 37);
INSERT INTO car_rent.t_car_rent_point (rent_point_id, car_id) VALUES (5, 42);
INSERT INTO car_rent.t_car_rent_point (rent_point_id, car_id) VALUES (5, 45);
INSERT INTO car_rent.t_car_rent_point (rent_point_id, car_id) VALUES (5, 46);
INSERT INTO car_rent.t_car_rent_point (rent_point_id, car_id) VALUES (5, 52);
INSERT INTO car_rent.t_car_rent_point (rent_point_id, car_id) VALUES (5, 53);
INSERT INTO car_rent.t_car_rent_point (rent_point_id, car_id) VALUES (5, 54);
INSERT INTO car_rent.t_car_rent_point (rent_point_id, car_id) VALUES (5, 59);
INSERT INTO car_rent.t_car_rent_point (rent_point_id, car_id) VALUES (5, 65);
INSERT INTO car_rent.t_car_rent_point (rent_point_id, car_id) VALUES (5, 78);
INSERT INTO car_rent.t_car_rent_point (rent_point_id, car_id) VALUES (5, 86);
INSERT INTO car_rent.t_car_rent_point (rent_point_id, car_id) VALUES (5, 87);
INSERT INTO car_rent.t_car_rent_point (rent_point_id, car_id) VALUES (5, 91);
INSERT INTO car_rent.t_car_rent_point (rent_point_id, car_id) VALUES (5, 92);
INSERT INTO car_rent.t_car_rent_point (rent_point_id, car_id) VALUES (5, 93);
INSERT INTO car_rent.t_car_rent_point (rent_point_id, car_id) VALUES (5, 99);
INSERT INTO car_rent.t_car_rent_point (rent_point_id, car_id) VALUES (5, 169);
INSERT INTO car_rent.t_car_rent_point (rent_point_id, car_id) VALUES (5, 179);
INSERT INTO car_rent.t_car_rent_point (rent_point_id, car_id) VALUES (5, 189);
INSERT INTO car_rent.t_car_rent_point (rent_point_id, car_id) VALUES (5, 190);
INSERT INTO car_rent.t_car_rent_point (rent_point_id, car_id) VALUES (5, 198);
INSERT INTO car_rent.t_car_rent_point (rent_point_id, car_id) VALUES (5, 199);
INSERT INTO car_rent.t_car_rent_point (rent_point_id, car_id) VALUES (5, 202);
INSERT INTO car_rent.t_car_rent_point (rent_point_id, car_id) VALUES (5, 204);
INSERT INTO car_rent.t_car_rent_point (rent_point_id, car_id) VALUES (5, 208);
INSERT INTO car_rent.t_car_rent_point (rent_point_id, car_id) VALUES (5, 223);
INSERT INTO car_rent.t_car_rent_point (rent_point_id, car_id) VALUES (5, 229);

-- t_rent
INSERT INTO car_rent.t_rent (id, car_id, client_id, rent_point_from_id, rent_point_to_id, date_from, date_to, user_create_id, user_edit_id, status_id, pledge, tariff_plan_id, version) VALUES (3, 2, 1, 1, 2, '2017-11-01 00:00:00', '2017-11-10 00:00:00', 1, 1, 1, 100000, 1, '1');
INSERT INTO car_rent.t_rent (id, car_id, client_id, rent_point_from_id, rent_point_to_id, date_from, date_to, user_create_id, user_edit_id, status_id, pledge, tariff_plan_id, version) VALUES (4, 3, 2, 2, 3, '2017-11-05 20:30:55', '2017-11-30 20:30:58', 1, 1, 2, 200000, null, '1');
INSERT INTO car_rent.t_rent (id, car_id, client_id, rent_point_from_id, rent_point_to_id, date_from, date_to, user_create_id, user_edit_id, status_id, pledge, tariff_plan_id, version) VALUES (5, 7, 1, 1, 1, '2017-11-09 00:00:00', '2017-11-16 00:00:00', 1, 1, 4, 100000, 2, '6');
INSERT INTO car_rent.t_rent (id, car_id, client_id, rent_point_from_id, rent_point_to_id, date_from, date_to, user_create_id, user_edit_id, status_id, pledge, tariff_plan_id, version) VALUES (6, 2, 1, 1, 2, '2017-10-31 00:00:00', '2017-11-09 00:00:00', 1, 1, 4, 600000, 4, '1');
INSERT INTO car_rent.t_rent (id, car_id, client_id, rent_point_from_id, rent_point_to_id, date_from, date_to, user_create_id, user_edit_id, status_id, pledge, tariff_plan_id, version) VALUES (7, 4, 1, 5, 2, '2017-11-01 00:00:00', '2017-12-16 00:00:00', 1, 1, 2, 10000, 1, '1');
INSERT INTO car_rent.t_rent (id, car_id, client_id, rent_point_from_id, rent_point_to_id, date_from, date_to, user_create_id, user_edit_id, status_id, pledge, tariff_plan_id, version) VALUES (8, 2, 1, 1, 1, '2017-01-01 00:00:00', '2017-01-31 00:00:00', 1, 1, 1, 111111, 1, '1');
INSERT INTO car_rent.t_rent (id, car_id, client_id, rent_point_from_id, rent_point_to_id, date_from, date_to, user_create_id, user_edit_id, status_id, pledge, tariff_plan_id, version) VALUES (9, 2, 1, 1, 2, '2017-01-01 00:00:00', '2017-01-31 00:00:00', 1, 1, 1, 0, 1, '2');
INSERT INTO car_rent.t_rent (id, car_id, client_id, rent_point_from_id, rent_point_to_id, date_from, date_to, user_create_id, user_edit_id, status_id, pledge, tariff_plan_id, version) VALUES (10, 32, 3, 5, null, '2017-12-01 00:00:00', null, 1, 1, 1, null, null, '0');
INSERT INTO car_rent.t_rent (id, car_id, client_id, rent_point_from_id, rent_point_to_id, date_from, date_to, user_create_id, user_edit_id, status_id, pledge, tariff_plan_id, version) VALUES (11, 226, 2, 2, 2, '2017-11-24 00:00:00', '2017-11-27 00:00:00', 1, 1, 2, 10000, 3, '0');